[{"model": "admin.logentry", "pk": 1, "fields": {"action_time": "2025-04-01T10:33:53.446Z", "user": 1, "content_type": 10, "object_id": "1", "object_repr": "Valorant", "action_flag": 1, "change_message": "[{\"added\": {}}]"}}, {"model": "admin.logentry", "pk": 2, "fields": {"action_time": "2025-04-01T10:33:56.339Z", "user": 1, "content_type": 10, "object_id": "1", "object_repr": "Valorant", "action_flag": 2, "change_message": "[]"}}, {"model": "admin.logentry", "pk": 3, "fields": {"action_time": "2025-04-01T10:34:17.945Z", "user": 1, "content_type": 7, "object_id": "1", "object_repr": "LVP", "action_flag": 1, "change_message": "[{\"added\": {}}]"}}, {"model": "admin.logentry", "pk": 4, "fields": {"action_time": "2025-04-01T10:34:32.906Z", "user": 1, "content_type": 9, "object_id": "1", "object_repr": "suzaku", "action_flag": 1, "change_message": "[{\"added\": {}}]"}}, {"model": "admin.logentry", "pk": 5, "fields": {"action_time": "2025-04-01T10:34:49.485Z", "user": 1, "content_type": 9, "object_id": "2", "object_repr": "prueba1", "action_flag": 1, "change_message": "[{\"added\": {}}]"}}, {"model": "admin.logentry", "pk": 6, "fields": {"action_time": "2025-04-01T10:35:06.797Z", "user": 1, "content_type": 9, "object_id": "3", "object_repr": "prueba2", "action_flag": 1, "change_message": "[{\"added\": {}}]"}}, {"model": "admin.logentry", "pk": 7, "fields": {"action_time": "2025-04-01T10:38:59.344Z", "user": 1, "content_type": 15, "object_id": "5", "object_repr": "suzaku en LVP", "action_flag": 1, "change_message": "[{\"added\": {}}]"}}, {"model": "admin.logentry", "pk": 8, "fields": {"action_time": "2025-04-01T10:39:07.748Z", "user": 1, "content_type": 15, "object_id": "6", "object_repr": "prueba1 en LVP", "action_flag": 1, "change_message": "[{\"added\": {}}]"}}, {"model": "admin.logentry", "pk": 9, "fields": {"action_time": "2025-04-01T10:39:13.797Z", "user": 1, "content_type": 15, "object_id": "5", "object_repr": "suzaku en LVP", "action_flag": 2, "change_message": "[{\"changed\": {\"fields\": [\"Victorias\"]}}]"}}, {"model": "admin.logentry", "pk": 10, "fields": {"action_time": "2025-04-01T10:39:18.436Z", "user": 1, "content_type": 15, "object_id": "6", "object_repr": "prueba1 en LVP", "action_flag": 2, "change_message": "[{\"changed\": {\"fields\": [\"Victorias\", \"Derrotas\"]}}]"}}, {"model": "admin.logentry", "pk": 11, "fields": {"action_time": "2025-04-01T10:39:26.366Z", "user": 1, "content_type": 15, "object_id": "7", "object_repr": "prueba2 en LVP", "action_flag": 1, "change_message": "[{\"added\": {}}]"}}, {"model": "admin.logentry", "pk": 12, "fields": {"action_time": "2025-04-01T10:59:28.602Z", "user": 1, "content_type": 16, "object_id": "3", "object_repr": "prueba1 vs suzaku (LVP)", "action_flag": 1, "change_message": "[{\"added\": {}}]"}}, {"model": "admin.logentry", "pk": 13, "fields": {"action_time": "2025-04-01T11:17:44.399Z", "user": 1, "content_type": 15, "object_id": "8", "object_repr": "prueba1 en LVP", "action_flag": 1, "change_message": "[{\"added\": {}}]"}}, {"model": "admin.logentry", "pk": 14, "fields": {"action_time": "2025-04-03T09:44:52.540Z", "user": 1, "content_type": 7, "object_id": "1", "object_repr": "LVP", "action_flag": 2, "change_message": "[]"}}, {"model": "admin.logentry", "pk": 15, "fields": {"action_time": "2025-04-03T09:44:59.132Z", "user": 1, "content_type": 10, "object_id": "1", "object_repr": "Valorant", "action_flag": 2, "change_message": "[]"}}, {"model": "admin.logentry", "pk": 16, "fields": {"action_time": "2025-04-03T10:44:53.298Z", "user": 1, "content_type": 10, "object_id": "4", "object_repr": "call of dutty", "action_flag": 2, "change_message": "[{\"changed\": {\"fields\": [\"Logo\"]}}]"}}, {"model": "admin.logentry", "pk": 17, "fields": {"action_time": "2025-04-03T10:44:58.970Z", "user": 1, "content_type": 10, "object_id": "3", "object_repr": "Lol", "action_flag": 2, "change_message": "[{\"changed\": {\"fields\": [\"Logo\"]}}]"}}, {"model": "admin.logentry", "pk": 18, "fields": {"action_time": "2025-04-10T09:57:10.822Z", "user": 1, "content_type": 6, "object_id": "1", "object_repr": "szkfumo", "action_flag": 1, "change_message": "[{\"added\": {}}]"}}, {"model": "admin.logentry", "pk": 19, "fields": {"action_time": "2025-04-10T10:05:27.669Z", "user": 1, "content_type": 12, "object_id": "2", "object_repr": "Fritos", "action_flag": 2, "change_message": "[{\"changed\": {\"fields\": [\"Stock\"]}}]"}}, {"model": "admin.logentry", "pk": 20, "fields": {"action_time": "2025-04-10T10:05:30.893Z", "user": 1, "content_type": 12, "object_id": "1", "object_repr": "Agua", "action_flag": 2, "change_message": "[{\"changed\": {\"fields\": [\"Stock\"]}}]"}}, {"model": "admin.logentry", "pk": 21, "fields": {"action_time": "2025-04-10T10:05:33.896Z", "user": 1, "content_type": 12, "object_id": "3", "object_repr": "Pan", "action_flag": 2, "change_message": "[{\"changed\": {\"fields\": [\"Stock\"]}}]"}}, {"model": "admin.logentry", "pk": 22, "fields": {"action_time": "2025-04-10T10:05:37.081Z", "user": 1, "content_type": 12, "object_id": "4", "object_repr": "Pepsi", "action_flag": 2, "change_message": "[{\"changed\": {\"fields\": [\"Stock\"]}}]"}}, {"model": "admin.logentry", "pk": 23, "fields": {"action_time": "2025-04-23T19:46:41.908Z", "user": 1, "content_type": 8, "object_id": "2", "object_repr": "Diego  (Este es el nick de prueba)", "action_flag": 2, "change_message": "[{\"changed\": {\"fields\": [\"Nombre\"]}}]"}}, {"model": "admin.logentry", "pk": 24, "fields": {"action_time": "2025-04-23T19:47:01.363Z", "user": 1, "content_type": 8, "object_id": "2", "object_repr": "Diego Reyes (Este es el nick de prueba)", "action_flag": 2, "change_message": "[{\"changed\": {\"fields\": [\"Primer apellido\"]}}]"}}, {"model": "admin.logentry", "pk": 25, "fields": {"action_time": "2025-05-20T18:49:05.981Z", "user": 1, "content_type": 12, "object_id": "12", "object_repr": "aaa", "action_flag": 2, "change_message": "[{\"changed\": {\"fields\": [\"Tipo\", \"Categoria\"]}}]"}}, {"model": "admin.logentry", "pk": 26, "fields": {"action_time": "2025-05-20T18:49:50.757Z", "user": 1, "content_type": 12, "object_id": "12", "object_repr": "aaa", "action_flag": 2, "change_message": "[{\"changed\": {\"fields\": [\"Tallas\"]}}]"}}, {"model": "admin.logentry", "pk": 27, "fields": {"action_time": "2025-05-20T20:51:13.745Z", "user": 1, "content_type": 17, "object_id": "20", "object_repr": "Pedido 20 - pendiente (sdf sdf)", "action_flag": 2, "change_message": "[{\"changed\": {\"fields\": [\"Usuario\"]}}]"}}, {"model": "admin.logentry", "pk": 28, "fields": {"action_time": "2025-05-20T20:51:21.011Z", "user": 1, "content_type": 17, "object_id": "20", "object_repr": "Pedido 20 - pendiente (diego reyes)", "action_flag": 2, "change_message": "[{\"changed\": {\"fields\": [\"Usuario\"]}}]"}}, {"model": "admin.logentry", "pk": 29, "fields": {"action_time": "2025-05-20T21:00:44.109Z", "user": 1, "content_type": 17, "object_id": "20", "object_repr": "Pedido 20 - pendiente (diego reyes)", "action_flag": 3, "change_message": ""}}, {"model": "admin.logentry", "pk": 30, "fields": {"action_time": "2025-05-20T21:00:48.131Z", "user": 1, "content_type": 17, "object_id": "19", "object_repr": "Pedido 19 - pendiente (diego reyes)", "action_flag": 3, "change_message": ""}}, {"model": "admin.logentry", "pk": 31, "fields": {"action_time": "2025-05-20T21:00:50.560Z", "user": 1, "content_type": 17, "object_id": "18", "object_repr": "Pedido 18 - pendiente (diego reyes)", "action_flag": 3, "change_message": ""}}, {"model": "admin.logentry", "pk": 32, "fields": {"action_time": "2025-05-20T21:00:53.792Z", "user": 1, "content_type": 17, "object_id": "17", "object_repr": "Pedido 17 - pendiente (diego reyes)", "action_flag": 3, "change_message": ""}}, {"model": "admin.logentry", "pk": 33, "fields": {"action_time": "2025-05-20T21:00:55.922Z", "user": 1, "content_type": 17, "object_id": "16", "object_repr": "Pedido 16 - pendiente (diego reyes)", "action_flag": 3, "change_message": ""}}, {"model": "admin.logentry", "pk": 34, "fields": {"action_time": "2025-05-20T21:00:58.455Z", "user": 1, "content_type": 17, "object_id": "15", "object_repr": "Pedido 15 - pendiente (diego reyes)", "action_flag": 3, "change_message": ""}}, {"model": "admin.logentry", "pk": 35, "fields": {"action_time": "2025-05-20T21:01:01.003Z", "user": 1, "content_type": 17, "object_id": "14", "object_repr": "Pedido 14 - pendiente (diego reyes)", "action_flag": 3, "change_message": ""}}, {"model": "admin.logentry", "pk": 36, "fields": {"action_time": "2025-05-20T21:01:04.007Z", "user": 1, "content_type": 17, "object_id": "4", "object_repr": "Pedido 4 - pendiente (diego reyes)", "action_flag": 3, "change_message": ""}}, {"model": "admin.logentry", "pk": 37, "fields": {"action_time": "2025-05-20T21:01:06.481Z", "user": 1, "content_type": 17, "object_id": "3", "object_repr": "Pedido 3 - pendiente (diego reyes)", "action_flag": 3, "change_message": ""}}, {"model": "admin.logentry", "pk": 38, "fields": {"action_time": "2025-05-20T21:01:09.531Z", "user": 1, "content_type": 17, "object_id": "2", "object_repr": "Pedido 2 - pendiente (diego reyes)", "action_flag": 3, "change_message": ""}}, {"model": "admin.logentry", "pk": 39, "fields": {"action_time": "2025-05-20T21:01:12.598Z", "user": 1, "content_type": 17, "object_id": "1", "object_repr": "Pedido 1 - procesado (diego reyes)", "action_flag": 3, "change_message": ""}}, {"model": "admin.logentry", "pk": 40, "fields": {"action_time": "2025-05-20T21:01:28.482Z", "user": 1, "content_type": 17, "object_id": "21", "object_repr": "Pedido 21 - pendiente (diego reyes)", "action_flag": 3, "change_message": ""}}, {"model": "admin.logentry", "pk": 41, "fields": {"action_time": "2025-06-09T11:23:22.580Z", "user": 1, "content_type": 17, "object_id": "22", "object_repr": "Pedido 22 - procesado (diego reyes)", "action_flag": 3, "change_message": ""}}, {"model": "admin.logentry", "pk": 42, "fields": {"action_time": "2025-06-09T11:23:25.647Z", "user": 1, "content_type": 17, "object_id": "23", "object_repr": "Pedido 23 - pendiente (diego reyes)", "action_flag": 3, "change_message": ""}}, {"model": "admin.logentry", "pk": 43, "fields": {"action_time": "2025-06-09T11:23:29.278Z", "user": 1, "content_type": 17, "object_id": "24", "object_repr": "Pedido 24 - pendiente (diego reyes)", "action_flag": 3, "change_message": ""}}, {"model": "admin.logentry", "pk": 44, "fields": {"action_time": "2025-06-09T11:23:32.160Z", "user": 1, "content_type": 17, "object_id": "25", "object_repr": "Pedido 25 - pendiente (diego reyes)", "action_flag": 3, "change_message": ""}}, {"model": "admin.logentry", "pk": 45, "fields": {"action_time": "2025-06-09T11:23:35.968Z", "user": 1, "content_type": 17, "object_id": "26", "object_repr": "Pedido 26 - pendiente (diego reyes)", "action_flag": 3, "change_message": ""}}, {"model": "admin.logentry", "pk": 46, "fields": {"action_time": "2025-06-09T11:23:38.735Z", "user": 1, "content_type": 17, "object_id": "27", "object_repr": "Pedido 27 - pendiente (diego reyes)", "action_flag": 3, "change_message": ""}}, {"model": "admin.logentry", "pk": 47, "fields": {"action_time": "2025-06-09T11:23:41.986Z", "user": 1, "content_type": 17, "object_id": "28", "object_repr": "Pedido 28 - pendiente (diego reyes)", "action_flag": 3, "change_message": ""}}, {"model": "admin.logentry", "pk": 48, "fields": {"action_time": "2025-06-09T11:23:45.076Z", "user": 1, "content_type": 17, "object_id": "29", "object_repr": "Pedido 29 - pendiente (diego reyes)", "action_flag": 3, "change_message": ""}}, {"model": "admin.logentry", "pk": 49, "fields": {"action_time": "2025-06-09T11:23:49.321Z", "user": 1, "content_type": 17, "object_id": "30", "object_repr": "Pedido 30 - pendiente (diego reyes)", "action_flag": 3, "change_message": ""}}, {"model": "admin.logentry", "pk": 50, "fields": {"action_time": "2025-06-09T11:23:52.270Z", "user": 1, "content_type": 17, "object_id": "31", "object_repr": "Pedido 31 - pendiente (diego reyes)", "action_flag": 3, "change_message": ""}}, {"model": "sessions.session", "pk": "2hit1sjr2pr66dpjf4l4vv3mdvtbf3vg", "fields": {"session_data": ".eJxVjEEOwiAQRe_C2pAByhRduu8ZyMAMUjVtUtqV8e7apAvd_vfef6lI21rj1mSJI6uLMur0uyXKD5l2wHeabrPO87QuY9K7og_a9DCzPK-H-3dQqdVvLQWCRdP7AA7JOHsGAOnRJzHBAiUE8pmcZy4JOuLSFRsQyZFnFKPeH71vN4M:1tzZHD:Cv3dkwi0NmM6M5hoeZGofTTY-i7WS3q1B2AQUd1xNKQ", "expire_date": "2025-04-15T10:55:27.226Z"}}, {"model": "sessions.session", "pk": "4gsb80r92r9hk9q2cxfloddb5fnbmfm4", "fields": {"session_data": ".eJxVjEEOwiAQRe_C2pAByhRduu8ZyMAMUjVtUtqV8e7apAvd_vfef6lI21rj1mSJI6uLMur0uyXKD5l2wHeabrPO87QuY9K7og_a9DCzPK-H-3dQqdVvLQWCRdP7AA7JOHsGAOnRJzHBAiUE8pmcZy4JOuLSFRsQyZFnFKPeH71vN4M:1uHS19:7vmI_cSv-XqdwadrtxA7eaPGQZmudPw0EPrviSDhTvg", "expire_date": "2025-06-03T18:48:47.311Z"}}, {"model": "sessions.session", "pk": "56ht1ga137lgzs41rjcesww3150ygres", "fields": {"session_data": ".eJxVjEEOwiAQRe_C2pAByhRduu8ZyMAMUjVtUtqV8e7apAvd_vfef6lI21rj1mSJI6uLMur0uyXKD5l2wHeabrPO87QuY9K7og_a9DCzPK-H-3dQqdVvLQWCRdP7AA7JOHsGAOnRJzHBAiUE8pmcZy4JOuLSFRsQyZFnFKPeH71vN4M:1u0H7p:0HttcUeb0J_2bJnBA6xXLgtw73jcPr1kEbbJVI2o4kY", "expire_date": "2025-04-17T09:44:41.718Z"}}, {"model": "sessions.session", "pk": "b5jea6h7ljp96vmagyz79wzm38jkzrik", "fields": {"session_data": ".eJxVjEEOwiAQRe_C2pAByhRduu8ZyMAMUjVtUtqV8e7apAvd_vfef6lI21rj1mSJI6uLMur0uyXKD5l2wHeabrPO87QuY9K7og_a9DCzPK-H-3dQqdVvLQWCRdP7AA7JOHsGAOnRJzHBAiUE8pmcZy4JOuLSFRsQyZFnFKPeH71vN4M:1uO2qR:VQTlRV_vF4J0SktCZv1GxWKE8JvEQSBHQtE7h-E_VwA", "expire_date": "2025-06-21T23:20:59.083Z"}}, {"model": "sessions.session", "pk": "b9q3qqo27obsc8ayarucz8csruh62119", "fields": {"session_data": ".eJxVjDsOwyAQBe9CHSGbZfmkTO8zoDULwUmEJWNXUe4eIblI2jcz7y0CHXsJR0tbWFhchRKX322m-Ey1A35Qva8yrnXflll2RZ60yWnl9Lqd7t9BoVZ6bZmtUeSYIFmEwSmf0GaiqHUejUaGFNHxSBEwOmsMGswAjsygvBefL-zhN4w:1u7EXN:OGSKzZVmYTS6cqcka_YZlMUjSbGlL7RchWzGYcHPGqY", "expire_date": "2025-05-06T14:23:49.940Z"}}, {"model": "sessions.session", "pk": "dgx2g18y96t8l6vde98bm53o4kr35lnj", "fields": {"session_data": ".eJxVjEEOwiAQRe_C2pAByhRduu8ZyMAMUjVtUtqV8e7apAvd_vfef6lI21rj1mSJI6uLMur0uyXKD5l2wHeabrPO87QuY9K7og_a9DCzPK-H-3dQqdVvLQWCRdP7AA7JOHsGAOnRJzHBAiUE8pmcZy4JOuLSFRsQyZFnFKPeH71vN4M:1uHTq9:jHU1SLf0npSHeIEMh7emUcw7shM3e0W8YKvqsUIdqcU", "expire_date": "2025-06-03T20:45:33.444Z"}}, {"model": "sessions.session", "pk": "fajnfr3byioll0ahh3njqjpac7tj8d9u", "fields": {"session_data": ".eJxVjEEOwiAQRe_C2pAByhRduu8ZyMAMUjVtUtqV8e7apAvd_vfef6lI21rj1mSJI6uLMur0uyXKD5l2wHeabrPO87QuY9K7og_a9DCzPK-H-3dQqdVvLQWCRdP7AA7JOHsGAOnRJzHBAiUE8pmcZy4JOuLSFRsQyZFnFKPeH71vN4M:1u7EWt:9V8dklHnQ0cvnvg955pt49plC3xpcFSFYBVZELvXcQw", "expire_date": "2025-05-06T14:23:19.717Z"}}, {"model": "sessions.session", "pk": "hq4alycake2ajgwjfgzoq5fuya2je8fu", "fields": {"session_data": ".eJxVjDsOwyAQBe9CHSGbZfmkTO8zoDULwUmEJWNXUe4eIblI2jcz7y0CHXsJR0tbWFhchRKX322m-Ey1A35Qva8yrnXflll2RZ60yWnl9Lqd7t9BoVZ6bZmtUeSYIFmEwSmf0GaiqHUejUaGFNHxSBEwOmsMGswAjsygvBefL-zhN4w:1u1jzo:xv5mmjEI0CJ88hHhmjYYTAh9rK-DECVn5F48Pb6qQTY", "expire_date": "2025-04-21T10:46:28.017Z"}}, {"model": "sessions.session", "pk": "hvo3n1dz1zq9usu6szgh206eqr5lkgkf", "fields": {"session_data": ".eJxVjEEOwiAQRe_C2pAByhRduu8ZyMAMUjVtUtqV8e7apAvd_vfef6lI21rj1mSJI6uLMur0uyXKD5l2wHeabrPO87QuY9K7og_a9DCzPK-H-3dQqdVvLQWCRdP7AA7JOHsGAOnRJzHBAiUE8pmcZy4JOuLSFRsQyZFnFKPeH71vN4M:1tzZTV:rHReqjtwtvhXziIzNvMq7I10bHys7Q_SHJEXAdSKO0o", "expire_date": "2025-04-15T11:08:09.696Z"}}, {"model": "sessions.session", "pk": "jxcz82knx245l9axr0n2y8vsafqxqx11", "fields": {"session_data": ".eJxVjDsOwyAQRO9CHSHwWnxSps8Z0MIuwUmEJWNXVu4eI7lIypn3ZnYRcFtL2BovYSJxFSAuv13E9OLaAT2xPmaZ5rouU5RdkSdt8j4Tv2-n-3dQsJVjzdYme-jKWeQhG3IZLHg02msFmQmJWQ3jmHRSCJ5MT-BzVBmiM-LzBf8EOGA:1uOc0y:tZnspOTx0gIcNfGoqz9-G6gJ647RcsKDxd9jP9vP6S0", "expire_date": "2025-06-23T12:54:12.797Z"}}, {"model": "sessions.session", "pk": "lniropde9hhn6ggllhlkdfe77rv22tlg", "fields": {"session_data": ".eJxVjDsOwyAQRO9CHSHwWnxSps8Z0MIuwUmEJWNXVu4eI7lIypn3ZnYRcFtL2BovYSJxFSAuv13E9OLaAT2xPmaZ5rouU5RdkSdt8j4Tv2-n-3dQsJVjzdYme-jKWeQhG3IZLHg02msFmQmJWQ3jmHRSCJ5MT-BzVBmiM-LzBf8EOGA:1uObwV:vhcRwL215Ye9hbnyzZwLGsN4k1cp1uh6HDn4uLB-wa8", "expire_date": "2025-06-23T12:49:35.926Z"}}, {"model": "sessions.session", "pk": "ogwa23vmh3ozla6mo36ndqxol3723xd0", "fields": {"session_data": ".eJxVjEEOwiAQRe_C2pAByhRduu8ZyMAMUjVtUtqV8e7apAvd_vfef6lI21rj1mSJI6uLMur0uyXKD5l2wHeabrPO87QuY9K7og_a9DCzPK-H-3dQqdVvLQWCRdP7AA7JOHsGAOnRJzHBAiUE8pmcZy4JOuLSFRsQyZFnFKPeH71vN4M:1uOcBj:aNREdBk-PJHcgsrQbvfe1yafgIW45DlCLCN5qeaHzL8", "expire_date": "2025-06-23T13:05:19.444Z"}}, {"model": "sessions.session", "pk": "ojys9xceiykpc57yw0e61i3fbyyqyraf", "fields": {"session_data": ".eJxVjEEOwiAQRe_C2pAByhRduu8ZyMAMUjVtUtqV8e7apAvd_vfef6lI21rj1mSJI6uLMur0uyXKD5l2wHeabrPO87QuY9K7og_a9DCzPK-H-3dQqdVvLQWCRdP7AA7JOHsGAOnRJzHBAiUE8pmcZy4JOuLSFRsQyZFnFKPeH71vN4M:1u7Efx:Zc0w2Thx-fcZByUH77L00_kAw7noxIkWZUMBf-mJGBU", "expire_date": "2025-05-06T14:32:41.279Z"}}, {"model": "sessions.session", "pk": "pluywlnmgbbw2o2b5j5cdd3wjminmlyh", "fields": {"session_data": ".eJxVjEEOwiAQRe_C2pAByhRduu8ZyMAMUjVtUtqV8e7apAvd_vfef6lI21rj1mSJI6uLMur0uyXKD5l2wHeabrPO87QuY9K7og_a9DCzPK-H-3dQqdVvLQWCRdP7AA7JOHsGAOnRJzHBAiUE8pmcZy4JOuLSFRsQyZFnFKPeH71vN4M:1uMsKs:6gBjhTid1ojIOR4b1quD279_oUf1vb_pRmfN4AnKJgc", "expire_date": "2025-06-18T17:55:34.028Z"}}, {"model": "sessions.session", "pk": "q9mkszr1l3mt2lpnnyxizis0z4b5m9l4", "fields": {"session_data": ".eJxVjEEOwiAQRe_C2pAByhRduu8ZyMAMUjVtUtqV8e7apAvd_vfef6lI21rj1mSJI6uLMur0uyXKD5l2wHeabrPO87QuY9K7og_a9DCzPK-H-3dQqdVvLQWCRdP7AA7JOHsGAOnRJzHBAiUE8pmcZy4JOuLSFRsQyZFnFKPeH71vN4M:1tzYux:OO4aR8FUQxKYgGqWwoPGDDfwvEkyPBm35C7k6t4BbpU", "expire_date": "2025-04-15T10:32:27.158Z"}}, {"model": "sessions.session", "pk": "s99p8ye7i4459wmu5ode4nx4tob5zz7l", "fields": {"session_data": ".eJxVjEEOwiAQRe_C2pAByhRduu8ZyMAMUjVtUtqV8e7apAvd_vfef6lI21rj1mSJI6uLMur0uyXKD5l2wHeabrPO87QuY9K7og_a9DCzPK-H-3dQqdVvLQWCRdP7AA7JOHsGAOnRJzHBAiUE8pmcZy4JOuLSFRsQyZFnFKPeH71vN4M:1u7ERQ:oEoOh-uwbGHCNmdTUSZbTKHqPRqllbqunBdHrHg9wQA", "expire_date": "2025-05-06T14:17:40.427Z"}}, {"model": "sessions.session", "pk": "w67xauth8xtgitk4pe09hma474wm46ex", "fields": {"session_data": ".eJxVjDsOwyAQBe9CHSGbZfmkTO8zoDULwUmEJWNXUe4eIblI2jcz7y0CHXsJR0tbWFhchRKX322m-Ey1A35Qva8yrnXflll2RZ60yWnl9Lqd7t9BoVZ6bZmtUeSYIFmEwSmf0GaiqHUejUaGFNHxSBEwOmsMGswAjsygvBefL-zhN4w:1u1jsV:86DMLUS_Qe2YBTeTBB8sgD7Yy5CFBcmFrWx_sYWMIoU", "expire_date": "2025-04-21T10:38:55.561Z"}}, {"model": "sessions.session", "pk": "w8mqz8or8m3b77gk3hzo3yxycecoaf2e", "fields": {"session_data": ".eJxVjEEOwiAQRe_C2pAByhRduu8ZyMAMUjVtUtqV8e7apAvd_vfef6lI21rj1mSJI6uLMur0uyXKD5l2wHeabrPO87QuY9K7og_a9DCzPK-H-3dQqdVvLQWCRdP7AA7JOHsGAOnRJzHBAiUE8pmcZy4JOuLSFRsQyZFnFKPeH71vN4M:1u7fyq:BrKXB1k3D_gvhmxauy4UmAbD1lz_X6Y-m2ZL1nBAQDM", "expire_date": "2025-05-07T19:42:00.591Z"}}, {"model": "sessions.session", "pk": "wuqsulzz173834k7aslkskrnk5l7xss3", "fields": {"session_data": ".eJxVjDsOwyAQRO9CHSHwWnxSps8Z0MIuwUmEJWNXVu4eI7lIypn3ZnYRcFtL2BovYSJxFSAuv13E9OLaAT2xPmaZ5rouU5RdkSdt8j4Tv2-n-3dQsJVjzdYme-jKWeQhG3IZLHg02msFmQmJWQ3jmHRSCJ5MT-BzVBmiM-LzBf8EOGA:1uObng:ElrT4UWv09IZRQ9Nih86iYQ0uqL79xigK0zBS8XZ2zQ", "expire_date": "2025-06-23T12:40:28.855Z"}}, {"model": "suzaku.usuario", "pk": 1, "fields": {"password": "pbkdf2_sha256$870000$p0LYmH4A9iJlwZJhHu1MRy$CCOlYw4APlAHW56b7OP4R1VD3d57PG9IRaH8GWCSFZM=", "last_login": "2025-06-09T13:05:19.441Z", "is_superuser": true, "nombre": "diego", "apellidos": "reyes", "email": "diego@gmail.com", "is_active": true, "is_staff": true, "groups": [], "user_permissions": []}}, {"model": "suzaku.usuario", "pk": 2, "fields": {"password": "pbkdf2_sha256$870000$gtZmVKFj4dEM109Z7Zjbbk$oRvGc41KarY/LzRwdwiXNcKTO6iT+9CiiFbxRyHOLWg=", "last_login": "2025-04-22T14:23:49.938Z", "is_superuser": false, "nombre": "sdf", "apellidos": "sdf", "email": "sdf@gmail.com", "is_active": true, "is_staff": false, "groups": [], "user_permissions": []}}, {"model": "suzaku.usuario", "pk": 3, "fields": {"password": "pbkdf2_sha256$870000$MXrrQ2vuNRmhoHnv9KRT9H$y8nHfmmCG63Y6a4RxlgSlli6l9vvo8T6q5elclexYKU=", "last_login": "2025-06-09T12:54:12.794Z", "is_superuser": false, "nombre": "Plan", "apellidos": "Pruebas", "email": "planpruebas@gmail.com", "is_active": true, "is_staff": false, "groups": [], "user_permissions": []}}, {"model": "suzaku.usuario", "pk": 4, "fields": {"password": "pbkdf2_sha256$870000$UsRWm15fjIyT5j1wozfwFE$H2TfUCgkLZ08XCcCh1XHdjiKXx1YaExYY3kUik9MTRk=", "last_login": null, "is_superuser": false, "nombre": "test", "apellidos": "11", "email": "11@gmail.com", "is_active": true, "is_staff": false, "groups": [], "user_permissions": []}}, {"model": "suzaku.direccion", "pk": 1, "fields": {"usuario": 1, "alias": "Casa", "direccion": "Calle Almendra", "ciudad": "Sevilla", "provincia": "Sevilla", "codigo_postal": "41013", "pais": "España", "fecha_creacion": "2025-04-07T10:27:54.685Z", "activa": true}}, {"model": "suzaku.direccion", "pk": 2, "fields": {"usuario": 2, "alias": "Casa", "direccion": "Calle Almendra", "ciudad": "Sevilla", "provincia": "Sevilla", "codigo_postal": "41013", "pais": "España", "fecha_creacion": "2025-04-10T23:17:17.563Z", "activa": true}}, {"model": "suzaku.direccion", "pk": 3, "fields": {"usuario": 1, "alias": "Trabajo", "direccion": "calle don toboso", "ciudad": "Sevilla", "provincia": "Sevilla", "codigo_postal": "41013", "pais": "España", "fecha_creacion": "2025-06-09T21:33:20.676Z", "activa": false}}, {"model": "suzaku.codigodescuento", "pk": 1, "fields": {"codigo": "szkfumo", "porcentaje": "20.00"}}, {"model": "suzaku.codigodescuento", "pk": 3, "fields": {"codigo": "szkholaaa", "porcentaje": "90.00"}}, {"model": "suzaku.codigodescuento", "pk": 4, "fields": {"codigo": "szkprueba", "porcentaje": "80.00"}}, {"model": "suzaku.codigodescuento", "pk": 5, "fields": {"codigo": "aa", "porcentaje": "99.00"}}, {"model": "suzaku.sponsor", "pk": 4, "fields": {"nombre": "ddd", "descripcion": "ddd", "sitio_web": "https://ddd.com", "email_contacto": null, "imagen_portada": "sponsors/VALORANT-Mobile.jpg", "video_url": "https://www.youtube.com/watch?v=OjR7bMUpq0s", "creado_en": "2025-05-01T16:18:54.073Z"}}, {"model": "suzaku.sponsor", "pk": 5, "fields": {"nombre": "PURA", "descripcion": "vapers", "sitio_web": "https://puravapor.com/", "email_contacto": null, "imagen_portada": "sponsors/4b5e1687775b64117d5b051c87ad525b.webp", "video_url": "https://www.youtube.com/watch?v=OjR7bMUpq0s", "creado_en": "2025-05-01T16:20:12.116Z"}}, {"model": "suzaku.sponsorimage", "pk": 1, "fields": {"sponsor": 5, "imagen": "sponsors/imagenes/unnamed.jpg", "descripcion": null}}, {"model": "suzaku.sponsorimage", "pk": 2, "fields": {"sponsor": 5, "imagen": "sponsors/imagenes/Logo_200.webp", "descripcion": null}}, {"model": "suzaku.sponsorimage", "pk": 3, "fields": {"sponsor": 5, "imagen": "sponsors/imagenes/images.jpeg", "descripcion": null}}, {"model": "suzaku.sponsorimage", "pk": 4, "fields": {"sponsor": 5, "imagen": "sponsors/imagenes/00120952601860____4__600x600.jpg", "descripcion": null}}, {"model": "suzaku.sponsorimage", "pk": 5, "fields": {"sponsor": 4, "imagen": "sponsors/imagenes/515Lwr5CyxL.jpg", "descripcion": null}}, {"model": "suzaku.sponsorimage", "pk": 6, "fields": {"sponsor": 4, "imagen": "sponsors/imagenes/images_my1Attx.jpeg", "descripcion": null}}, {"model": "suzaku.sponsorimage", "pk": 7, "fields": {"sponsor": 4, "imagen": "sponsors/imagenes/User_icon_2.svg.png", "descripcion": null}}, {"model": "suzaku.sponsorimage", "pk": 8, "fields": {"sponsor": 4, "imagen": "sponsors/imagenes/VALORANT-Mobile.jpg", "descripcion": null}}, {"model": "suzaku.sponsorimage", "pk": 13, "fields": {"sponsor": 4, "imagen": "sponsors/imagenes/User_icon_2_gAyXdXD.svg.png", "descripcion": null}}, {"model": "suzaku.sponsorimage", "pk": 14, "fields": {"sponsor": 5, "imagen": "sponsors/imagenes/Logo_200_NQ9cWuq.webp", "descripcion": null}}, {"model": "suzaku.productotipo", "pk": 1, "fields": {"nombre": "CAMISETA"}}, {"model": "suzaku.productotipo", "pk": 2, "fields": {"nombre": "PANTALON"}}, {"model": "suzaku.productotipo", "pk": 3, "fields": {"nombre": "SUDADERA"}}, {"model": "suzaku.productotipo", "pk": 6, "fields": {"nombre": "GORRA"}}, {"model": "suzaku.productotipo", "pk": 7, "fields": {"nombre": "TOP"}}, {"model": "suzaku.productotipo", "pk": 8, "fields": {"nombre": "MERCH"}}, {"model": "suzaku.productotipo", "pk": 9, "fields": {"nombre": "POLO"}}, {"model": "suzaku.productotipo", "pk": 10, "fields": {"nombre": "PURA"}}, {"model": "suzaku.color", "pk": 1, "fields": {"nombre": "ROJO", "codigo_hex": "#FF0000"}}, {"model": "suzaku.color", "pk": 2, "fields": {"nombre": "AZUL", "codigo_hex": "#0000FF"}}, {"model": "suzaku.color", "pk": 3, "fields": {"nombre": "Negro", "codigo_hex": "#000000"}}, {"model": "suzaku.color", "pk": 4, "fields": {"nombre": "BLANCO", "codigo_hex": "#FFFFFF"}}, {"model": "suzaku.color", "pk": 5, "fields": {"nombre": "GRIS", "codigo_hex": "#CDCDCD"}}, {"model": "suzaku.talla", "pk": 5, "fields": {"nombre": "XS"}}, {"model": "suzaku.talla", "pk": 7, "fields": {"nombre": "S"}}, {"model": "suzaku.talla", "pk": 8, "fields": {"nombre": "M"}}, {"model": "suzaku.talla", "pk": 9, "fields": {"nombre": "L"}}, {"model": "suzaku.talla", "pk": 10, "fields": {"nombre": "XL"}}, {"model": "suzaku.talla", "pk": 12, "fields": {"nombre": "3500"}}, {"model": "suzaku.talla", "pk": 13, "fields": {"nombre": "7000"}}, {"model": "suzaku.categoriaproducto", "pk": 5, "fields": {"nombre": "LÍNEA FIJA"}}, {"model": "suzaku.categoriaproducto", "pk": 6, "fields": {"nombre": "MERCH CASA"}}, {"model": "suzaku.categoriaproducto", "pk": 7, "fields": {"nombre": "POLOS"}}, {"model": "suzaku.categoriaproducto", "pk": 8, "fields": {"nombre": "ROPA STREET"}}, {"model": "suzaku.categoriaproducto", "pk": 9, "fields": {"nombre": "TÉCNICAS"}}, {"model": "suzaku.categoriaproducto", "pk": 10, "fields": {"nombre": "SPONSORS"}}, {"model": "suzaku.productoimagen", "pk": 1, "fields": {"producto": 16, "color": null, "imagen": "productos/galeria/oversize_blanca.PNG", "descripcion": null}}, {"model": "suzaku.productoimagen", "pk": 2, "fields": {"producto": 16, "color": null, "imagen": "productos/galeria/oversize_blanca_xmvgFeq.PNG", "descripcion": null}}, {"model": "suzaku.productoimagen", "pk": 3, "fields": {"producto": 16, "color": 4, "imagen": "productos/galeria/oversize_blanca_8BXyWnx.PNG", "descripcion": null}}, {"model": "suzaku.productoimagen", "pk": 4, "fields": {"producto": 16, "color": 3, "imagen": "productos/galeria/oversize_negra.PNG", "descripcion": null}}, {"model": "suzaku.productoimagen", "pk": 5, "fields": {"producto": 16, "color": 4, "imagen": "productos/galeria/oversizeblanca_2.PNG", "descripcion": null}}, {"model": "suzaku.productoimagen", "pk": 6, "fields": {"producto": 16, "color": 4, "imagen": "productos/galeria/oversize_blanca_4.PNG", "descripcion": null}}, {"model": "suzaku.productoimagen", "pk": 7, "fields": {"producto": 16, "color": 3, "imagen": "productos/galeria/oversize_negra_2.PNG", "descripcion": null}}, {"model": "suzaku.productoimagen", "pk": 8, "fields": {"producto": 16, "color": 3, "imagen": "productos/galeria/oversize_negra_4.PNG", "descripcion": null}}, {"model": "suzaku.productoimagen", "pk": 10, "fields": {"producto": 16, "color": 3, "imagen": "productos/galeria/oversize_negra_3.PNG", "descripcion": null}}, {"model": "suzaku.productoimagen", "pk": 17, "fields": {"producto": 29, "color": 3, "imagen": "productos/galeria/6_XDAMN0P.png", "descripcion": null}}, {"model": "suzaku.productoimagen", "pk": 18, "fields": {"producto": 29, "color": 4, "imagen": "productos/galeria/4_SSI4tnV.png", "descripcion": null}}, {"model": "suzaku.productoimagen", "pk": 19, "fields": {"producto": 29, "color": 4, "imagen": "productos/galeria/5.png", "descripcion": null}}, {"model": "suzaku.productoimagen", "pk": 20, "fields": {"producto": 29, "color": 3, "imagen": "productos/galeria/22.png", "descripcion": null}}, {"model": "suzaku.productoimagen", "pk": 21, "fields": {"producto": 30, "color": 4, "imagen": "productos/galeria/12.png", "descripcion": null}}, {"model": "suzaku.productoimagen", "pk": 22, "fields": {"producto": 30, "color": 3, "imagen": "productos/galeria/13.png", "descripcion": null}}, {"model": "suzaku.productoimagen", "pk": 23, "fields": {"producto": 30, "color": 4, "imagen": "productos/galeria/polo_3.PNG", "descripcion": null}}, {"model": "suzaku.productoimagen", "pk": 24, "fields": {"producto": 30, "color": 4, "imagen": "productos/galeria/polo2.PNG", "descripcion": null}}, {"model": "suzaku.productoimagen", "pk": 25, "fields": {"producto": 30, "color": 3, "imagen": "productos/galeria/pm3.PNG", "descripcion": null}}, {"model": "suzaku.productoimagen", "pk": 26, "fields": {"producto": 30, "color": 3, "imagen": "productos/galeria/pm4.PNG", "descripcion": null}}, {"model": "suzaku.productoimagen", "pk": 27, "fields": {"producto": 32, "color": 3, "imagen": "productos/galeria/Lineal.png", "descripcion": null}}, {"model": "suzaku.productoimagen", "pk": 28, "fields": {"producto": 32, "color": 3, "imagen": "productos/galeria/2.png", "descripcion": null}}, {"model": "suzaku.productoimagen", "pk": 29, "fields": {"producto": 34, "color": 3, "imagen": "productos/galeria/SUDADERA.png", "descripcion": null}}, {"model": "suzaku.productoimagen", "pk": 30, "fields": {"producto": 36, "color": 3, "imagen": "productos/galeria/8.png", "descripcion": null}}, {"model": "suzaku.productoimagen", "pk": 31, "fields": {"producto": 36, "color": 4, "imagen": "productos/galeria/7.png", "descripcion": null}}, {"model": "suzaku.productoimagen", "pk": 32, "fields": {"producto": 36, "color": 4, "imagen": "productos/galeria/8_y88ZILK.png", "descripcion": null}}, {"model": "suzaku.productoimagen", "pk": 33, "fields": {"producto": 36, "color": 4, "imagen": "productos/galeria/7_qZ1j2qt.png", "descripcion": null}}, {"model": "suzaku.stock", "pk": 29, "fields": {"producto": 16, "talla": 5, "color": 1, "cantidad": 0}}, {"model": "suzaku.stock", "pk": 30, "fields": {"producto": 16, "talla": 7, "color": 1, "cantidad": 0}}, {"model": "suzaku.stock", "pk": 31, "fields": {"producto": 16, "talla": 9, "color": 2, "cantidad": 0}}, {"model": "suzaku.stock", "pk": 32, "fields": {"producto": 16, "talla": 7, "color": 4, "cantidad": 99}}, {"model": "suzaku.stock", "pk": 33, "fields": {"producto": 16, "talla": 7, "color": 3, "cantidad": 99}}, {"model": "suzaku.stock", "pk": 34, "fields": {"producto": 16, "talla": 8, "color": 3, "cantidad": 99}}, {"model": "suzaku.stock", "pk": 35, "fields": {"producto": 16, "talla": 9, "color": 3, "cantidad": 99}}, {"model": "suzaku.stock", "pk": 36, "fields": {"producto": 16, "talla": 5, "color": 3, "cantidad": 99}}, {"model": "suzaku.stock", "pk": 47, "fields": {"producto": 16, "talla": 10, "color": 4, "cantidad": 99}}, {"model": "suzaku.stock", "pk": 48, "fields": {"producto": 16, "talla": 10, "color": 3, "cantidad": 99}}, {"model": "suzaku.stock", "pk": 49, "fields": {"producto": 16, "talla": 9, "color": 4, "cantidad": 99}}, {"model": "suzaku.stock", "pk": 50, "fields": {"producto": 16, "talla": 5, "color": 4, "cantidad": 0}}, {"model": "suzaku.stock", "pk": 51, "fields": {"producto": 16, "talla": 8, "color": 4, "cantidad": 0}}, {"model": "suzaku.stock", "pk": 55, "fields": {"producto": 30, "talla": 5, "color": 3, "cantidad": 99}}, {"model": "suzaku.stock", "pk": 56, "fields": {"producto": 30, "talla": 7, "color": 3, "cantidad": 99}}, {"model": "suzaku.stock", "pk": 57, "fields": {"producto": 30, "talla": 9, "color": 3, "cantidad": 99}}, {"model": "suzaku.stock", "pk": 58, "fields": {"producto": 30, "talla": 8, "color": 3, "cantidad": 99}}, {"model": "suzaku.stock", "pk": 59, "fields": {"producto": 30, "talla": 8, "color": 4, "cantidad": 99}}, {"model": "suzaku.stock", "pk": 60, "fields": {"producto": 30, "talla": 7, "color": 4, "cantidad": 99}}, {"model": "suzaku.stock", "pk": 61, "fields": {"producto": 30, "talla": 5, "color": 4, "cantidad": 99}}, {"model": "suzaku.stock", "pk": 62, "fields": {"producto": 29, "talla": 5, "color": 3, "cantidad": 99}}, {"model": "suzaku.stock", "pk": 63, "fields": {"producto": 29, "talla": 8, "color": 4, "cantidad": 99}}, {"model": "suzaku.stock", "pk": 64, "fields": {"producto": 29, "talla": 9, "color": 3, "cantidad": 99}}, {"model": "suzaku.stock", "pk": 65, "fields": {"producto": 32, "talla": 5, "color": 3, "cantidad": 99}}, {"model": "suzaku.stock", "pk": 66, "fields": {"producto": 32, "talla": 7, "color": 3, "cantidad": 99}}, {"model": "suzaku.stock", "pk": 67, "fields": {"producto": 32, "talla": 8, "color": 3, "cantidad": 99}}, {"model": "suzaku.stock", "pk": 68, "fields": {"producto": 32, "talla": 9, "color": 3, "cantidad": 99}}, {"model": "suzaku.stock", "pk": 69, "fields": {"producto": 37, "talla": 5, "color": 3, "cantidad": 99}}, {"model": "suzaku.stock", "pk": 70, "fields": {"producto": 37, "talla": 5, "color": 4, "cantidad": 99}}, {"model": "suzaku.stock", "pk": 71, "fields": {"producto": 37, "talla": 5, "color": 5, "cantidad": 99}}, {"model": "suzaku.stock", "pk": 72, "fields": {"producto": 36, "talla": 5, "color": 3, "cantidad": 99}}, {"model": "suzaku.stock", "pk": 73, "fields": {"producto": 36, "talla": 5, "color": 4, "cantidad": 99}}, {"model": "suzaku.stock", "pk": 74, "fields": {"producto": 35, "talla": 5, "color": 3, "cantidad": 99}}, {"model": "suzaku.stock", "pk": 75, "fields": {"producto": 34, "talla": 8, "color": 3, "cantidad": 99}}, {"model": "suzaku.stock", "pk": 76, "fields": {"producto": 34, "talla": 7, "color": 3, "cantidad": 99}}, {"model": "suzaku.stock", "pk": 77, "fields": {"producto": 34, "talla": 5, "color": 3, "cantidad": 99}}, {"model": "suzaku.stock", "pk": 78, "fields": {"producto": 33, "talla": 5, "color": 3, "cantidad": 99}}, {"model": "suzaku.stock", "pk": 79, "fields": {"producto": 33, "talla": 7, "color": 3, "cantidad": 99}}, {"model": "suzaku.stock", "pk": 80, "fields": {"producto": 33, "talla": 8, "color": 3, "cantidad": 99}}, {"model": "suzaku.stock", "pk": 81, "fields": {"producto": 34, "talla": 9, "color": 3, "cantidad": 5}}, {"model": "suzaku.stock", "pk": 83, "fields": {"producto": 48, "talla": 5, "color": 4, "cantidad": 99}}, {"model": "suzaku.stock", "pk": 84, "fields": {"producto": 49, "talla": 5, "color": 4, "cantidad": 99}}, {"model": "suzaku.stock", "pk": 85, "fields": {"producto": 50, "talla": 5, "color": 4, "cantidad": 99}}, {"model": "suzaku.valoracion", "pk": 2, "fields": {"producto": 29, "usuario": 1, "puntuacion": 5, "comentario": "Prueba sin imagen.", "imagen": "", "creado_en": "2025-06-08T13:33:01.425Z", "respuesta": "Thank"}}, {"model": "suzaku.valoracion", "pk": 3, "fields": {"producto": 29, "usuario": 1, "puntuacion": 1, "comentario": "Le doy un 1, fatal", "imagen": "valoraciones/22.png", "creado_en": "2025-06-08T13:33:21.947Z", "respuesta": "Muchas gracias."}}, {"model": "suzaku.valoracion", "pk": 4, "fields": {"producto": 32, "usuario": 1, "puntuacion": 5, "comentario": "Fenomenal !", "imagen": "", "creado_en": "2025-06-08T13:36:24.455Z", "respuesta": "Gracias !"}}, {"model": "suzaku.producto", "pk": 16, "fields": {"nombre": "Camisa Oversize", "descripcion": "Camiseta Oversize", "precio": "22.00", "sponsor": null, "tipo": 1, "categoria": 8, "imagen_principal": "productos/oversize_blanca.PNG", "imagen_miniatura": "productos/miniaturas/oversize_blanca_mini.jpg", "peso_kg": "1.00", "alto_cm": "25.00", "ancho_cm": "25.00", "largo_cm": "25.00", "activo": false, "creado_en": "2025-06-05T21:54:49.733Z", "colores": [3, 4], "tallas": [5, 8, 9, 10, 7], "productos_relacionados": []}}, {"model": "suzaku.producto", "pk": 29, "fields": {"nombre": "Técnica", "descripcion": "Camisa Técnica", "precio": "15.00", "sponsor": null, "tipo": 1, "categoria": 9, "imagen_principal": "productos/4_TKQErGo.png", "imagen_miniatura": "productos/miniaturas/4_TKQErGo_mini.jpg", "peso_kg": "1.00", "alto_cm": "25.00", "ancho_cm": "25.00", "largo_cm": "25.00", "activo": false, "creado_en": "2025-06-08T09:47:17.231Z", "colores": [3, 4], "tallas": [5, 7, 8, 9, 10], "productos_relacionados": []}}, {"model": "suzaku.producto", "pk": 30, "fields": {"nombre": "Polo Hombre", "descripcion": "Polo hombre", "precio": "18.00", "sponsor": null, "tipo": 9, "categoria": 7, "imagen_principal": "productos/12.png", "imagen_miniatura": "productos/miniaturas/12_mini.jpg", "peso_kg": "1.00", "alto_cm": "25.00", "ancho_cm": "25.00", "largo_cm": "25.00", "activo": false, "creado_en": "2025-06-08T09:50:30.751Z", "colores": [3, 4], "tallas": [5, 7, 8, 9, 10], "productos_relacionados": []}}, {"model": "suzaku.producto", "pk": 31, "fields": {"nombre": "Polo Mujer", "descripcion": "Polo de mujer", "precio": "16.00", "sponsor": null, "tipo": 9, "categoria": 7, "imagen_principal": "productos/15.png", "imagen_miniatura": "productos/miniaturas/15_mini.jpg", "peso_kg": "1.00", "alto_cm": "25.00", "ancho_cm": "25.00", "largo_cm": "25.00", "activo": false, "creado_en": "2025-06-08T10:04:03.081Z", "colores": [3, 4], "tallas": [8, 9, 5, 7], "productos_relacionados": []}}, {"model": "suzaku.producto", "pk": 32, "fields": {"nombre": "Camisa Lineal", "descripcion": "Camisa Lineal", "precio": "16.00", "sponsor": null, "tipo": 1, "categoria": 5, "imagen_principal": "productos/Lineal.png", "imagen_miniatura": "productos/miniaturas/Lineal_mini.jpg", "peso_kg": "1.00", "alto_cm": "25.00", "ancho_cm": "25.00", "largo_cm": "25.00", "activo": false, "creado_en": "2025-06-08T10:15:29.323Z", "colores": [3], "tallas": [5, 7, 8, 9, 10], "productos_relacionados": []}}, {"model": "suzaku.producto", "pk": 33, "fields": {"nombre": "Top Mujer", "descripcion": "Top de mujer", "precio": "9.00", "sponsor": null, "tipo": 7, "categoria": 5, "imagen_principal": "productos/10.png", "imagen_miniatura": "productos/miniaturas/10_mini.jpg", "peso_kg": "1.00", "alto_cm": "25.00", "ancho_cm": "25.00", "largo_cm": "25.00", "activo": false, "creado_en": "2025-06-08T10:19:21.899Z", "colores": [3], "tallas": [8, 5, 7], "productos_relacionados": []}}, {"model": "suzaku.producto", "pk": 34, "fields": {"nombre": "Sudadera Suzaku", "descripcion": "Sudadera Suzaku", "precio": "20.00", "sponsor": null, "tipo": 3, "categoria": 5, "imagen_principal": "productos/SUDADERA.png", "imagen_miniatura": "productos/miniaturas/SUDADERA_mini.jpg", "peso_kg": "1.00", "alto_cm": "25.00", "ancho_cm": "25.00", "largo_cm": "25.00", "activo": false, "creado_en": "2025-06-08T10:22:28.772Z", "colores": [3], "tallas": [5, 7, 8, 9, 10], "productos_relacionados": []}}, {"model": "suzaku.producto", "pk": 35, "fields": {"nombre": "Gorra Suzaku", "descripcion": "Gorra Suzaku", "precio": "6.00", "sponsor": null, "tipo": 6, "categoria": 5, "imagen_principal": "productos/9.png", "imagen_miniatura": "productos/miniaturas/9_mini.jpg", "peso_kg": "1.00", "alto_cm": "25.00", "ancho_cm": "25.00", "largo_cm": "25.00", "activo": false, "creado_en": "2025-06-08T10:23:54.593Z", "colores": [3], "tallas": [7], "productos_relacionados": []}}, {"model": "suzaku.producto", "pk": 36, "fields": {"nombre": "Taza Suzaku", "descripcion": "Taza de suzaku", "precio": "5.00", "sponsor": null, "tipo": 8, "categoria": 6, "imagen_principal": "productos/7.png", "imagen_miniatura": "productos/miniaturas/7_mini.jpg", "peso_kg": "1.00", "alto_cm": "25.00", "ancho_cm": "25.00", "largo_cm": "25.00", "activo": false, "creado_en": "2025-06-08T10:27:15.791Z", "colores": [3, 4], "tallas": [7], "productos_relacionados": []}}, {"model": "suzaku.producto", "pk": 37, "fields": {"nombre": "Termo Suzaku", "descripcion": "Termo Suzaku", "precio": "9.00", "sponsor": null, "tipo": 8, "categoria": 6, "imagen_principal": "productos/Diseño_sin_título_6.png", "imagen_miniatura": "productos/miniaturas/Diseño_sin_título_6_mini.jpg", "peso_kg": "1.00", "alto_cm": "25.00", "ancho_cm": "25.00", "largo_cm": "25.00", "activo": false, "creado_en": "2025-06-08T10:30:58.190Z", "colores": [3, 4, 5], "tallas": [7], "productos_relacionados": []}}, {"model": "suzaku.producto", "pk": 48, "fields": {"nombre": "Pura 1 3500", "descripcion": "", "precio": "6.00", "sponsor": null, "tipo": 10, "categoria": 10, "imagen_principal": "productos/pura1.png", "imagen_miniatura": "productos/miniaturas/pura1_mini.jpg", "peso_kg": "1.00", "alto_cm": "25.00", "ancho_cm": "25.00", "largo_cm": "25.00", "activo": false, "creado_en": "2025-06-09T13:49:56.872Z", "colores": [4], "tallas": [13], "productos_relacionados": []}}, {"model": "suzaku.producto", "pk": 49, "fields": {"nombre": "PURA 2", "descripcion": "", "precio": "6.00", "sponsor": null, "tipo": 10, "categoria": 10, "imagen_principal": "productos/pura2.png", "imagen_miniatura": "productos/miniaturas/pura2_mini.jpg", "peso_kg": "1.00", "alto_cm": "25.00", "ancho_cm": "25.00", "largo_cm": "25.00", "activo": false, "creado_en": "2025-06-09T13:50:28.159Z", "colores": [4], "tallas": [13], "productos_relacionados": []}}, {"model": "suzaku.producto", "pk": 50, "fields": {"nombre": "PURA 3", "descripcion": "", "precio": "6.00", "sponsor": null, "tipo": 10, "categoria": 10, "imagen_principal": "productos/pura3.png", "imagen_miniatura": "productos/miniaturas/pura3_mini.jpg", "peso_kg": "1.00", "alto_cm": "25.00", "ancho_cm": "25.00", "largo_cm": "25.00", "activo": false, "creado_en": "2025-06-09T13:50:49.907Z", "colores": [4], "tallas": [12], "productos_relacionados": []}}, {"model": "suzaku.pedido", "pk": 5, "fields": {"usuario": 2, "direccion_envio": "(Casa) Calle Almendra, Sevilla, Sevilla, 41013 - España", "fecha_creacion": "2025-04-10T09:53:31.514Z", "estado": "pendiente", "total": "0.00", "total_con_descuento": "0.00", "descuento_aplicado": "0.00", "codigo_descuento": null}}, {"model": "suzaku.pedido", "pk": 9, "fields": {"usuario": 2, "direccion_envio": "(Casa) Calle Almendra, Sevilla, Sevilla, 41013 - España", "fecha_creacion": "2025-04-10T10:05:03.729Z", "estado": "pendiente", "total": "0.00", "total_con_descuento": "0.00", "descuento_aplicado": "2.25", "codigo_descuento": 1}}, {"model": "suzaku.pedido", "pk": 10, "fields": {"usuario": 2, "direccion_envio": "(Casa) Calle Almendra, Sevilla, Sevilla, 41013 - España", "fecha_creacion": "2025-04-10T10:05:43.738Z", "estado": "pendiente", "total": "15.00", "total_con_descuento": "12.75", "descuento_aplicado": "2.25", "codigo_descuento": 1}}, {"model": "suzaku.pedido", "pk": 11, "fields": {"usuario": 2, "direccion_envio": "(Casa) Calle Almendra, Sevilla, Sevilla, 41013 - España", "fecha_creacion": "2025-04-10T10:06:26.705Z", "estado": "pendiente", "total": "3.00", "total_con_descuento": "2.55", "descuento_aplicado": "0.45", "codigo_descuento": 1}}, {"model": "suzaku.pedido", "pk": 12, "fields": {"usuario": 2, "direccion_envio": "(Casa) Calle Almendra, Sevilla, Sevilla, 41013 - España", "fecha_creacion": "2025-04-10T10:22:20.062Z", "estado": "procesado", "total": "11.00", "total_con_descuento": "9.35", "descuento_aplicado": "1.65", "codigo_descuento": 1}}, {"model": "suzaku.pedido", "pk": 13, "fields": {"usuario": 2, "direccion_envio": "(Casa) Calle Almendra, Sevilla, Sevilla, 41013 - España", "fecha_creacion": "2025-04-10T23:18:05.941Z", "estado": "pendiente", "total": "10.00", "total_con_descuento": "8.50", "descuento_aplicado": "1.50", "codigo_descuento": 1}}, {"model": "suzaku.pedido", "pk": 32, "fields": {"usuario": 1, "direccion_envio": "(Casa) Calle Almendra, Sevilla, Sevilla, 41013 - España", "fecha_creacion": "2025-06-08T21:03:06.264Z", "estado": "pendiente", "total": "15.00", "total_con_descuento": "15.00", "descuento_aplicado": "0.00", "codigo_descuento": null}}, {"model": "suzaku.pedido", "pk": 33, "fields": {"usuario": 1, "direccion_envio": "(Casa) Calle Almendra, Sevilla, Sevilla, 41013 - España", "fecha_creacion": "2025-06-09T11:01:20.027Z", "estado": "pendiente", "total": "15.00", "total_con_descuento": "15.00", "descuento_aplicado": "0.00", "codigo_descuento": null}}, {"model": "suzaku.pedido", "pk": 34, "fields": {"usuario": 1, "direccion_envio": "(Casa) Calle Almendra, Sevilla, Sevilla, 41013 - España", "fecha_creacion": "2025-06-09T11:08:29.352Z", "estado": "pendiente", "total": "15.00", "total_con_descuento": "15.00", "descuento_aplicado": "0.00", "codigo_descuento": null}}, {"model": "suzaku.pedido", "pk": 35, "fields": {"usuario": 1, "direccion_envio": "(Casa) Calle Almendra, Sevilla, Sevilla, 41013 - España", "fecha_creacion": "2025-06-09T11:28:42.557Z", "estado": "pendiente", "total": "15.00", "total_con_descuento": "15.00", "descuento_aplicado": "0.00", "codigo_descuento": null}}, {"model": "suzaku.pedido", "pk": 36, "fields": {"usuario": 1, "direccion_envio": "(Casa) Calle Almendra, Sevilla, Sevilla, 41013 - España", "fecha_creacion": "2025-06-09T11:31:57.226Z", "estado": "pendiente", "total": "15.00", "total_con_descuento": "15.00", "descuento_aplicado": "0.00", "codigo_descuento": null}}, {"model": "suzaku.pedido", "pk": 37, "fields": {"usuario": 1, "direccion_envio": "(Casa) Calle Almendra, Sevilla, Sevilla, 41013 - España", "fecha_creacion": "2025-06-09T11:35:22.384Z", "estado": "pendiente", "total": "18.00", "total_con_descuento": "18.00", "descuento_aplicado": "0.00", "codigo_descuento": null}}, {"model": "suzaku.pedido", "pk": 38, "fields": {"usuario": 1, "direccion_envio": "(Casa) Calle Almendra, Sevilla, Sevilla, 41013 - España", "fecha_creacion": "2025-06-09T11:36:00.916Z", "estado": "pendiente", "total": "74.00", "total_con_descuento": "59.20", "descuento_aplicado": "14.80", "codigo_descuento": 1}}, {"model": "suzaku.pedido", "pk": 39, "fields": {"usuario": 1, "direccion_envio": "(Casa) Calle Almendra, Sevilla, Sevilla, 41013 - España", "fecha_creacion": "2025-06-09T11:36:29.723Z", "estado": "pendiente", "total": "30.00", "total_con_descuento": "30.00", "descuento_aplicado": "0.00", "codigo_descuento": null}}, {"model": "suzaku.pedido", "pk": 40, "fields": {"usuario": 1, "direccion_envio": "(Casa) Calle Almendra, Sevilla, Sevilla, 41013 - España", "fecha_creacion": "2025-06-09T12:09:44.766Z", "estado": "pendiente", "total": "30.00", "total_con_descuento": "24.00", "descuento_aplicado": "6.00", "codigo_descuento": 1}}, {"model": "suzaku.pedido", "pk": 41, "fields": {"usuario": 1, "direccion_envio": "(Casa) Calle Almendra, Sevilla, Sevilla, 41013 - España", "fecha_creacion": "2025-06-09T12:16:53.725Z", "estado": "pendiente", "total": "5.00", "total_con_descuento": "4.00", "descuento_aplicado": "1.00", "codigo_descuento": 1}}, {"model": "suzaku.pedido", "pk": 42, "fields": {"usuario": 1, "direccion_envio": "(Casa) Calle Almendra, Sevilla, Sevilla, 41013 - España", "fecha_creacion": "2025-06-09T21:28:22.998Z", "estado": "pendiente", "total": "62.00", "total_con_descuento": "49.60", "descuento_aplicado": "12.40", "codigo_descuento": 1}}, {"model": "suzaku.productopedido", "pk": 41, "fields": {"pedido": 32, "producto": 29, "cantidad": 1, "precio": "15.00", "talla": 9, "color": 3}}, {"model": "suzaku.productopedido", "pk": 42, "fields": {"pedido": 33, "producto": 29, "cantidad": 1, "precio": "15.00", "talla": 5, "color": 3}}, {"model": "suzaku.productopedido", "pk": 43, "fields": {"pedido": 34, "producto": 29, "cantidad": 1, "precio": "15.00", "talla": 9, "color": 3}}, {"model": "suzaku.productopedido", "pk": 44, "fields": {"pedido": 35, "producto": 29, "cantidad": 1, "precio": "15.00", "talla": 9, "color": 3}}, {"model": "suzaku.productopedido", "pk": 45, "fields": {"pedido": 36, "producto": 29, "cantidad": 1, "precio": "15.00", "talla": 8, "color": 4}}, {"model": "suzaku.productopedido", "pk": 46, "fields": {"pedido": 37, "producto": 30, "cantidad": 1, "precio": "18.00", "talla": 9, "color": 3}}, {"model": "suzaku.productopedido", "pk": 47, "fields": {"pedido": 38, "producto": 16, "cantidad": 2, "precio": "22.00", "talla": 9, "color": 4}}, {"model": "suzaku.productopedido", "pk": 48, "fields": {"pedido": 38, "producto": 29, "cantidad": 2, "precio": "15.00", "talla": 9, "color": 3}}, {"model": "suzaku.productopedido", "pk": 49, "fields": {"pedido": 39, "producto": 29, "cantidad": 1, "precio": "15.00", "talla": 5, "color": 3}}, {"model": "suzaku.productopedido", "pk": 50, "fields": {"pedido": 39, "producto": 29, "cantidad": 1, "precio": "15.00", "talla": 8, "color": 4}}, {"model": "suzaku.productopedido", "pk": 51, "fields": {"pedido": 40, "producto": 29, "cantidad": 2, "precio": "15.00", "talla": 8, "color": 4}}, {"model": "suzaku.productopedido", "pk": 52, "fields": {"pedido": 41, "producto": 36, "cantidad": 1, "precio": "5.00", "talla": null, "color": 4}}, {"model": "suzaku.productopedido", "pk": 53, "fields": {"pedido": 42, "producto": 34, "cantidad": 2, "precio": "20.00", "talla": 7, "color": 3}}, {"model": "suzaku.productopedido", "pk": 54, "fields": {"pedido": 42, "producto": 16, "cantidad": 1, "precio": "22.00", "talla": 9, "color": 4}}, {"model": "suzaku.postequipo", "pk": 1, "fields": {"titulo": "Post 1", "descripcion": "Lorem Ipsum is simply dummy text of the printing and typesetting industry. Lorem Ipsum has been the industry's standard dummy text ever since the 1500s, when an unknown printer took a galley of type and scrambled it to make a type specimen book. It has survived not only five centuries, but also the leap into.Lorem Ipsum is simply dummy text of the printing and typesetting industry. Lorem Ipsum has been the industry's standard dummy text ever since the 1500s, when an unknown printer took a galley of type and scrambled it to make a type specimen book. It has survived not only five centuries, but also the leap into. Lorem Ipsum is simply dummy text of the printing and typesetting industry. Lorem Ipsum has been the industry's standard dummy text ever since the 1500s, when an unknown printer took a galley of type and scrambled it to make a type specimen book. It has survived not only five centuries, but also the leap into", "imagen": "equipo_posts/Logo_200.webp", "orden": 0}}, {"model": "suzaku.postequipo", "pk": 2, "fields": {"titulo": "Post 2", "descripcion": "Loremmm Ipsum is simply dummy text of the printing and typesetting industry. Lorem Ipsum has been the industry's standard dummy text ever since the 1500s, when an unknown printer took a galley of type and scrambled it to make a type specimen book. It has survived not only five centuries, but also the leap intoLorem Ipsum is simply dummy text of the printing and typesetting industry. Lorem Ipsum has been the industry's standard dummy text ever since the 1500s, when an unknown printer took a galley of type and scrambled it to make a type specimen book. It has survived not only five centuries, but also the leap intoLorem Ipsum is simply dummy text of the printing and typesetting industry. Lorem Ipsum has been the industry's standard dummy text ever since the 1500s, when an unknown printer took a galley of type and scrambled it to make a type specimen book. It has survived not only five centuries, but also the leap intoLorem Ipsum is simply dummy text of the printing and typesetting industry. Lorem Ipsum has been the industry's standard dummy text ever since the 1500s, when an unknown printer took a galley of type and scrambled it to make a type specimen book. It has survived not only five centuries, but also the leap into", "imagen": "equipo_posts/User_icon_2_r7rlT4S.svg.png", "orden": 0}}, {"model": "suzaku.postequipo", "pk": 3, "fields": {"titulo": "Post 3", "descripcion": "Lorem Ipsum is simply dummy text of the printing and typesetting industry. Lorem Ipsum has been the industry's standard dummy text ever since the 1500s, when an unknown printer took a galley of type and scrambled it to make a type specimen book. It has survived not only five centuries, but also the leap intoLorem Ipsum is simply dummy text of the printing and typesetting industry. Lorem Ipsum has been the industry's standard dummy text ever since the 1500s, when an unknown printer took a galley of type and scrambled it to make a type specimen book. It has survived not only five centuries, but also the leap into", "imagen": "equipo_posts/aIcsn-IC_400x400_iGs08a9.jpg", "orden": 0}}, {"model": "suzaku.equipo", "pk": 1, "fields": {"nombre": "Nombre 1", "primer_apellido": "Apellido 1", "nickname": "nickname 1", "descripcion": "Lorem Ipsum is simply dummy text of the printing and typesetting industry. Lorem Ipsum has been the industry's standard dummy text ever since the 1500s, when an unknown printer took a galley of type and scrambled it to make a type specimen book. It has survived not only five centuries, but also the leap into", "foto": "equipo_integrantes/User_icon_2_78hQxvG.svg.png", "tipo": "jugador"}}, {"model": "suzaku.equipo", "pk": 2, "fields": {"nombre": "Diego", "primer_apellido": "Reyes", "nickname": "Este es el nick de prueba", "descripcion": "Lorem Ipsum is simply dummy text of the printing and typesetting industry. Lorem Ipsum has been the industry's standard dummy text ever since the 1500s, when an unknown printer took a galley of type and scrambled it to make a type specimen book. It has survived not only five centuries, but also the leap into", "foto": "equipo_integrantes/blank-profile-picture-973460_640_i3DbawJ.webp", "tipo": "jugador"}}, {"model": "suzaku.equipo", "pk": 3, "fields": {"nombre": "Nombre 3", "primer_apellido": "Apellido 3", "nickname": "Nickname 1", "descripcion": "Lorem Ipsum is simply dummy text of the printing and typesetting industry. Lorem Ipsum has been the industry's standard dummy text ever since the 1500s, when an unknown printer took a galley of type and scrambled it to make a type specimen book. It has survived not only five centuries, but also the leap into", "foto": "equipo_integrantes/User_icon_2_q4yqCAd.svg.png", "tipo": "creador"}}, {"model": "suzaku.juego", "pk": 1, "fields": {"nombre": "Valorant", "descripcion": "es una mierda", "logo": "juegos/VALORANT-Mobile_5etRUyL.jpg"}}, {"model": "suzaku.juego", "pk": 3, "fields": {"nombre": "Lol", "descripcion": "Shit", "logo": "juegos/00120952601860____4__600x600.jpg"}}, {"model": "suzaku.juego", "pk": 4, "fields": {"nombre": "call of dutty", "descripcion": "el mejor", "logo": "juegos/Logo_200.webp"}}, {"model": "suzaku.juego", "pk": 5, "fields": {"nombre": "aaaaaaaaaa", "descripcion": "aaaaaaaaaa", "logo": "juegos/images.jpeg"}}, {"model": "suzaku.competicion", "pk": 1, "fields": {"nombre": "LVP", "juego": 1, "descripcion": "es una caca", "fecha_inicio": "2025-04-01", "fecha_fin": null, "pais": "España", "organizador": "LVP ESP"}}, {"model": "suzaku.competicion", "pk": 2, "fields": {"nombre": "Radiant", "juego": 1, "descripcion": "hemos ganado", "fecha_inicio": null, "fecha_fin": null, "pais": null, "organizador": null}}, {"model": "suzaku.competicion", "pk": 3, "fields": {"nombre": "prueba2", "juego": 1, "descripcion": "Shit", "fecha_inicio": null, "fecha_fin": null, "pais": null, "organizador": null}}, {"model": "suzaku.equipocompetitivo", "pk": 1, "fields": {"nombre": "suzaku", "logo": "equipos_competitivos/aIcsn-IC_400x400.jpg", "pais": "España"}}, {"model": "suzaku.equipocompetitivo", "pk": 2, "fields": {"nombre": "prueba1", "logo": "equipos_competitivos/User_icon_2.svg.png", "pais": "España"}}, {"model": "suzaku.equipocompetitivo", "pk": 3, "fields": {"nombre": "prueba2", "logo": "equipos_competitivos/blank-profile-picture-973460_640.webp", "pais": "Francia"}}, {"model": "suzaku.equipocompetitivo", "pk": 4, "fields": {"nombre": "prueba3", "logo": "equipos_competitivos/VALORANT-Mobile.jpg", "pais": "Francia"}}, {"model": "suzaku.equipocompetitivo", "pk": 5, "fields": {"nombre": "prueba4", "logo": "equipos_competitivos/00120952601860____4__600x600.jpg", "pais": "timbuktu"}}, {"model": "suzaku.equipoparticipante", "pk": 5, "fields": {"equipo_competitivo": 1, "competicion": 1, "posicion_ranking": 1, "puntos": 0, "victorias": 0, "derrotas": 6, "empates": 0}}, {"model": "suzaku.equipoparticipante", "pk": 6, "fields": {"equipo_competitivo": 2, "competicion": 1, "posicion_ranking": 2, "puntos": 3, "victorias": 3, "derrotas": 2, "empates": 0}}, {"model": "suzaku.equipoparticipante", "pk": 7, "fields": {"equipo_competitivo": 3, "competicion": 1, "posicion_ranking": 3, "puntos": 0, "victorias": 0, "derrotas": 0, "empates": 0}}, {"model": "suzaku.equipoparticipante", "pk": 8, "fields": {"equipo_competitivo": 2, "competicion": 1, "posicion_ranking": 0, "puntos": 0, "victorias": 0, "derrotas": 0, "empates": 0}}, {"model": "suzaku.equipoparticipante", "pk": 9, "fields": {"equipo_competitivo": 1, "competicion": 2, "posicion_ranking": null, "puntos": 3, "victorias": 1, "derrotas": 0, "empates": 0}}, {"model": "suzaku.equipoparticipante", "pk": 10, "fields": {"equipo_competitivo": 5, "competicion": 2, "posicion_ranking": null, "puntos": 0, "victorias": 0, "derrotas": 1, "empates": 0}}, {"model": "suzaku.equipoparticipante", "pk": 11, "fields": {"equipo_competitivo": 1, "competicion": 3, "posicion_ranking": null, "puntos": 0, "victorias": 0, "derrotas": 1, "empates": 0}}, {"model": "suzaku.equipoparticipante", "pk": 12, "fields": {"equipo_competitivo": 2, "competicion": 3, "posicion_ranking": null, "puntos": 3, "victorias": 1, "derrotas": 0, "empates": 0}}, {"model": "suzaku.equipoparticipante", "pk": 14, "fields": {"equipo_competitivo": 2, "competicion": 2, "posicion_ranking": null, "puntos": 0, "victorias": 0, "derrotas": 0, "empates": 0}}, {"model": "suzaku.equipoparticipante", "pk": 15, "fields": {"equipo_competitivo": 4, "competicion": 2, "posicion_ranking": null, "puntos": 0, "victorias": 0, "derrotas": 0, "empates": 0}}, {"model": "suzaku.equipoparticipante", "pk": 16, "fields": {"equipo_competitivo": 3, "competicion": 2, "posicion_ranking": null, "puntos": 0, "victorias": 0, "derrotas": 0, "empates": 0}}, {"model": "suzaku.partido", "pk": 3, "fields": {"competicion": 1, "equipo1": 6, "equipo2": 5, "marcador_equipo1": 2, "marcador_equipo2": 3, "fecha_partido": "2025-04-01T10:59:26Z", "estado": "finalizado"}}, {"model": "suzaku.partido", "pk": 4, "fields": {"competicion": 2, "equipo1": 10, "equipo2": 5, "marcador_equipo1": 2, "marcador_equipo2": 12, "fecha_partido": "2025-02-20T18:00:00Z", "estado": "finalizado"}}, {"model": "suzaku.partido", "pk": 5, "fields": {"competicion": 2, "equipo1": 6, "equipo2": 7, "marcador_equipo1": 5, "marcador_equipo2": 0, "fecha_partido": "2025-04-04T15:00:00Z", "estado": "finalizado"}}, {"model": "suzaku.partido", "pk": 6, "fields": {"competicion": 2, "equipo1": 6, "equipo2": 7, "marcador_equipo1": 5, "marcador_equipo2": 0, "fecha_partido": "2025-04-04T04:04:00Z", "estado": "finalizado"}}, {"model": "suzaku.partido", "pk": 7, "fields": {"competicion": 2, "equipo1": 6, "equipo2": 7, "marcador_equipo1": 13, "marcador_equipo2": 0, "fecha_partido": "2025-04-04T01:01:00Z", "estado": "finalizado"}}, {"model": "suzaku.partido", "pk": 8, "fields": {"competicion": 2, "equipo1": 7, "equipo2": 8, "marcador_equipo1": 13, "marcador_equipo2": 1, "fecha_partido": "2025-04-03T02:02:00Z", "estado": "finalizado"}}, {"model": "suzaku.partido", "pk": 9, "fields": {"competicion": 3, "equipo1": 11, "equipo2": 12, "marcador_equipo1": 13, "marcador_equipo2": 15, "fecha_partido": "2025-04-11T18:08:00Z", "estado": "finalizado"}}, {"model": "suzaku.partido", "pk": 10, "fields": {"competicion": 3, "equipo1": 12, "equipo2": 11, "marcador_equipo1": 13, "marcador_equipo2": 5, "fecha_partido": "2025-11-25T11:11:00Z", "estado": "finalizado"}}, {"model": "authtoken.token", "pk": "31ff780f5a9a221a01d91c2fbeddd125232bf608", "fields": {"user": 2, "created": "2025-04-07T10:38:55.559Z"}}, {"model": "authtoken.token", "pk": "42a9afdb0b6db00c5f9bd36c41394e4855acc51e", "fields": {"user": 3, "created": "2025-06-09T12:40:28.853Z"}}, {"model": "authtoken.token", "pk": "ceacf6fc7d449f28bec5b25f4b43354ace5a018b", "fields": {"user": 1, "created": "2025-04-01T10:55:27.223Z"}}]